{"cameraMode":{"drawMode":0,"name":"Shaded","section":"Shading Mode"},"sceneLighting":true,"audioPlay":false,"sceneViewState":{"showFog":true,"showMaterialUpdate":true,"showSkybox":true,"showFlares":true,"showImageEffects":true,"showParticleSystems":true},"in2DMode":false,"pivot":{"x":1.7297029495239258,"y":0.09094476699829102,"z":-1.542119026184082},"rotation":{"x":-0.06992475688457489,"y":0.9260829091072083,"z":-0.21372196078300477,"w":-0.30299240350723269},"size":16.88814926147461,"orthographic":false}