{"cameraMode":{"drawMode":0,"name":"Shaded","section":"Shading Mode"},"sceneLighting":true,"audioPlay":false,"sceneViewState":{"showFog":true,"showMaterialUpdate":true,"showSkybox":true,"showFlares":true,"showImageEffects":true,"showParticleSystems":true},"in2DMode":false,"pivot":{"x":-2.4272711277008058,"y":-1.044601559638977,"z":-7.594478130340576},"rotation":{"x":0.09590790420770645,"y":-0.7042763829231262,"z":0.09695067256689072,"w":0.6967043876647949},"size":6.0279436111450199,"orthographic":false}