{"cameraMode":{"drawMode":0,"name":"Shaded","section":"Shading Mode"},"sceneLighting":false,"audioPlay":false,"sceneViewState":{"showFog":true,"showMaterialUpdate":true,"showSkybox":true,"showFlares":true,"showImageEffects":true,"showParticleSystems":true},"in2DMode":false,"pivot":{"x":-19.62405014038086,"y":-2.7081527709960939,"z":-0.9154626727104187},"rotation":{"x":-0.041727591305971149,"y":0.7202813029289246,"z":-0.043491464108228686,"w":-0.6910587549209595},"size":22.0,"orthographic":false}