{"cameraMode":{"drawMode":0,"name":"Shaded","section":"Shading Mode"},"sceneLighting":true,"audioPlay":false,"sceneViewState":{"showFog":true,"showMaterialUpdate":true,"showSkybox":true,"showFlares":true,"showImageEffects":true,"showParticleSystems":true},"in2DMode":false,"pivot":{"x":-1.7812204360961915,"y":1.5603227615356446,"z":2.4697463512420656},"rotation":{"x":-0.08636801689863205,"y":0.6598818898200989,"z":-0.07676366716623306,"w":-0.7424357533454895},"size":10.0,"orthographic":false}