{"cameraMode":{"drawMode":0,"name":"Shaded","section":"Shading Mode"},"sceneLighting":true,"audioPlay":false,"sceneViewState":{"showFog":true,"showMaterialUpdate":true,"showSkybox":true,"showFlares":true,"showImageEffects":true,"showParticleSystems":true},"in2DMode":false,"pivot":{"x":-1.8430757522583008,"y":1.7652077674865723,"z":2.329355239868164},"rotation":{"x":-0.0780419409275055,"y":0.6662076115608215,"z":-0.07041803002357483,"w":-0.738325834274292},"size":10.0,"orthographic":false}