{"cameraMode":{"drawMode":0,"name":"Shaded","section":"Shading Mode"},"sceneLighting":true,"audioPlay":false,"sceneViewState":{"showFog":true,"showMaterialUpdate":true,"showSkybox":true,"showFlares":true,"showImageEffects":true,"showParticleSystems":true},"in2DMode":false,"pivot":{"x":0.7721071243286133,"y":2.345414400100708,"z":-1.7038068771362305},"rotation":{"x":-0.03133457526564598,"y":0.949247419834137,"z":-0.10033605247735977,"w":-0.29644620418548586},"size":10.0,"orthographic":false}