{"cameraMode":{"drawMode":0,"name":"Shaded","section":"Shading Mode"},"sceneLighting":true,"audioPlay":false,"sceneViewState":{"showFog":true,"showMaterialUpdate":true,"showSkybox":true,"showFlares":true,"showImageEffects":true,"showParticleSystems":true},"in2DMode":false,"pivot":{"x":-1.7505455017089844,"y":1.1825766563415528,"z":1.189028024673462},"rotation":{"x":-0.0946982279419899,"y":0.7056711316108704,"z":-0.09607072919607163,"w":-0.6955845952033997},"size":10.0,"orthographic":false}