{"cameraMode":{"drawMode":0,"name":"Shaded","section":"Shading Mode"},"sceneLighting":true,"audioPlay":false,"sceneViewState":{"showFog":true,"showMaterialUpdate":true,"showSkybox":true,"showFlares":true,"showImageEffects":true,"showParticleSystems":true},"in2DMode":false,"pivot":{"x":-1.6744146347045899,"y":0.9234070777893066,"z":1.161433458328247},"rotation":{"x":-0.10392112284898758,"y":0.7053506970405579,"z":-0.10574434697628021,"w":-0.6931853890419006},"size":10.0,"orthographic":false}