{"cameraMode":{"drawMode":0,"name":"Shaded","section":"Shading Mode"},"sceneLighting":true,"audioPlay":false,"sceneViewState":{"showFog":true,"showMaterialUpdate":true,"showSkybox":true,"showFlares":true,"showImageEffects":true,"showParticleSystems":true},"in2DMode":false,"pivot":{"x":-1.627305030822754,"y":0.8088958263397217,"z":1.8190267086029053},"rotation":{"x":-0.11180733889341355,"y":0.6803959608078003,"z":-0.10618115961551666,"w":-0.716444730758667},"size":10.0,"orthographic":false}