{"cameraMode":{"drawMode":0,"name":"Shaded","section":"Shading Mode"},"sceneLighting":true,"audioPlay":false,"sceneViewState":{"showFog":true,"showMaterialUpdate":true,"showSkybox":true,"showFlares":true,"showImageEffects":true,"showParticleSystems":true},"in2DMode":false,"pivot":{"x":-4.7281036376953129,"y":0.7333550453186035,"z":-0.4600062370300293},"rotation":{"x":0.08223920315504074,"y":-0.751487672328949,"z":0.09542680531740189,"w":0.6476148366928101},"size":10.0,"orthographic":false}